"","country_id","Project ID","Country_original","Country","Region","Project Title","Lending Instrument","IPF component","Approval date","Fiscal Year","Total commitment","Total RBF commitment","IBRD/IDA Commit Amt","RBF Amt IBRD/IDA","TF Amt","RBF Amt TF","% of Project RBF","PDO","Link to PAD","Parent Project ID","Closing date","Link","region_id","region_name","income_id","income_name"
"1","AFG","P159378","Afghanistan","Afghanistan","SAR","Education Quality Reform in Afghanistan AF","IPF/DLIs","N/A",2018-09-01,2019,298,74,100,74,198,0,0.248322147651007,"""to increase equitable access to primary and secondary education, particularly for girls, in selected lagging provinces, and to improve learning conditions in Afghanistan""","PAD","n/a",2023-12-01,"http://documents.worldbank.org/curated/en/835181538364643803/pdf/Afghanistan-Eqra-project-appraisal-document-pad-P159378-09112018.pdf","SAS","South Asia","LIC","Low income"
"2","AFG","P173314","Afghanistan","Afghanistan","SAR","Education Quality Reform in Afghanistan","IPF/PBC","N/A",2021-03-01,2021,50,5.5,25,0,25,5.5,0.11,"to increase equitable access to primary and secondary education, particularly for girls, in selected lagging provinces, and to improve learning conditions in Afghanistan",NA,"P159378",NA,NA,"SAS","South Asia","LIC","Low income"
"3","ARG","P168911","Argentina","Argentina","LAC","Improving Inclusion in Secondary and Higher Education","PforR","Yes",2019-06-01,2019,341,301,341,301,0,0,0.882697947214076,"""to (i) reduce dropout rates in basic and higher education among the most vulnerable; and (ii) strengthen the Borrower’s education evaluation systems.""","PAD","n/a",2023-06-01,"http://documents.worldbank.org/curated/en/617851562032870799/pdf/Argentina-Improving-Inclusion-in-Secondary-and-Higher-Education-Project.pdf","LCN","Latin America & Caribbean","UMC","Upper middle income"
"4","BEN","P169064","Western Africa: Benin, Niger, Nigeria, The Gambia, Togo","Benin","AFR","Second Africa Higher Education Centers of Excellence for Development Impact ","IPF/DLIs","N/A",2019-11-01,2020,131,96.798668,131,96.798668,0,0,0.738921129770992,"""to improve the quality, quantity and development impact of postgraduate education in selected universities through regional specialization and collaboration.""","PAD","n/a",2024-06-01,"http://documents.worldbank.org/curated/en/803471575082860585/pdf/Benin-Niger-Nigeria-The-Gambia-Togo-and-Association-of-African-Universities-Second-Africa-Higher-Education-Centers-of-Excellence-for-Development-Impact-Project.pdf","SSF","Sub-Saharan Africa","LMC","Lower middle income"
"5","BEN","P167432","Benin","Benin","AFR","Third Phase of the Global Partnership For Education Project","IPF/DLIs","N/A",2019-07-01,2020,18.9,7.82,0,0,18.9,7.82,0.413756613756614,"""(i) improve the quality of teaching and learning in basic education with an emphasis on the early grades; and (ii) strengthen equity in primary education, particularly in four regions of the country.""","PAD","n/a",2023-09-01,"https://projects.worldbank.org/en/projects-operations/project-detail/P167432","SSF","Sub-Saharan Africa","LMC","Lower middle income"
"6","BFA","P164293","Burkina Faso","Burkina Faso","AFR","Burkina Faso Higher Education Support Project","IPF/DLIs","N/A",2018-07-01,2019,70,64,70,64,0,0,0.914285714285714,"""to strengthen higher education institutions to increase access and deliver quality education in priority subject areas""","PAD","n/a",2023-09-01,"http://documents.worldbank.org/curated/en/277421531452640797/pdf/BURKINA-FASO-EDUCATION-PAD-06202018.pdf","SSF","Sub-Saharan Africa","LIC","Low income"
"7","BFA","P164546","Western Africa: Burkina Faso, Djibouti, Ghana, Guinea, Senegal and the Association of African Universities","Burkina Faso","AFR","First Africa Higher Education Centers of Excellence for Development Impact Project","IPF/DLIs","N/A",2019-03-01,2019,143,118.6001,143,118.6001,0,0,0.829371328671329,"""to improve quality, quantity and development impact of postgraduate education in selected universities through regional specialization and collaboration.""","PAD","n/a",2023-12-01,"https://documents.worldbank.org/pt/publication/documents-reports/documentdetail/113951553997663855/burkina-faso-djibouti-ghana-guinea-senegal-and-the-association-of-african-universities-first-africa-higher-education-centers-of-excellence-for-development-impact-project","SSF","Sub-Saharan Africa","LIC","Low income"
"8","BGD","P160943","Bangladesh","Bangladesh","SAR","Transforming Secondary Education for Results Operation","PforR","Yes",2017-12-01,2018,530,500,520,500,10,0,0.943396226415094,"""to improve student outcomes in secondary education and the effectiveness of the secondary education system""","PAD","n/a",2022-12-01,"http://documents.worldbank.org/curated/en/377151513825229495/pdf/Bangladesh-Transforming-114568-BD-PAD-11292017.pdf","SAS","South Asia","LMC","Lower middle income"
"9","BGD","P162619","Bangladesh","Bangladesh","SAR","Quality Learning for All Program for Fourth Primary Education Development Program","PforR","No",2018-06-01,2018,700,700,700,700,0,0,1,"""to improve the quality of and enhance equitable access to education from pre-primary to grade 5.""","PAD","n/a",2023-06-01,"http://documents.worldbank.org/curated/en/857071529206219039/Bangladesh-Quality-Learning-for-All-Program-for-Fourth-Primary-Education-Development-Program-Project","SAS","South Asia","LMC","Lower middle income"
"10","BGD","P154577","Bangladesh","Bangladesh","SAR","College Education Development Project","IPF/DLIs","N/A",2016-05-01,2016,100,90,100,90,0,0,0.9,"""to strengthen the strategic planning and management capacity of the college education subsector and to improve the teaching and learning environment of participating colleges""","PAD","n/a",2023-12-01,"http://documents.worldbank.org/curated/en/694991468185959713/pdf/PAD1511-PAD-P154577-IDA-R2016-0102-1-Box3948887B-OUO-9.pdf","SAS","South Asia","LMC","Lower middle income"
"11","BRA","P129342","Brazil","Brazil","LAC","Piauí Pillars of Growth and Social Inclusion Project","IPF/DLIs","N/A",2015-12-01,2016,120,58.296,120,58.296,0,0,0.4858,"""to: (a) reduce dropout of students in public secondary education; (b) increase access to diagnosis and treatment for patients with chronic diseases; (c) expand the registration of groundwater users in rural areas and land tenure regularization; and (d) increase the participation of rural family farmers in rural productive value chains.""","PAD","n/a",2020-12-01,"http://documents.worldbank.org/curated/en/881911467987872678/pdf/PAD459-PAD-P129342-R2015-0239-1-Box393264B-OUO-9.pdf","LCN","Latin America & Caribbean","UMC","Upper middle income"
"12","BRA","P163868","Brazil","Brazil","LAC","Support to Upper Secondary Reform in Brazil Operation","PforR","Yes",2017-12-01,2018,250,220.5,250,220.5,0,0,0.882,"""to strengthen the capacity of the state secretariats of education to implement the upper secondary reform, prioritizing vulnerable schools, and to increase the Index of Basic Education Development in targeted full- time upper secondary schools in Brazil’s territory""","PAD","n/a",2023-12-01,"http://documents.worldbank.org/curated/en/276091512067824977/pdf/Brazil-PAD-revised-11292017.pdf","LCN","Latin America & Caribbean","UMC","Upper middle income"
"13","CHL","P163437","Chile","Chile","LAC","Strengthening of State Universities in Chile","IPF/DLIs","N/A",2017-10-01,2018,50.13,50.00137,50.13,50.00137,0,0,0.997434071414323,"""to improve quality and equity within State universities and to strengthen their institutional capacity to address regional and national development challenges""","PAD","n/a",2022-12-01,"http://documents.worldbank.org/curated/en/146121508724024129/pdf/Chile-PAD-10022017.pdf","LCN","Latin America & Caribbean","HIC","High income"
"14","CIV","P163218","Cote d'Ivoire","Cote d'Ivoire","AFR","Cote d' Ivoire Education Services Delivery Enhancement","IPF/DLIs","N/A",2018-06-01,2018,23.35,7.23,0,0,23.35,7.23,0.309635974304069,""" to increase access to pre-school and improve learning outcomes in beneficiary primary schools in participating regions""","PAD","n/a",2023-12-01,"https://projects.worldbank.org/en/projects-operations/project-detail/P163218","SSF","Sub-Saharan Africa","LMC","Lower middle income"
"15","CIV","P169479","Cote d'Ivoire","Cote d'Ivoire","AFR","Cote d' Ivoire Education Services Delivery Enhancement Project Additional Financing","IPF/PBC","N/A",2020-06-01,2020,27.35,8.4,0,0,27.35,8.4,0.307129798903108,"""to increase access to pre-school and improve learning outcomes in beneficiary primary schools in participating regions""","PAD","P163218",2023-12-01,"https://hubs.worldbank.org/docs/imagebank/Pages/docProfile.aspx?nodeid=32203463","SSF","Sub-Saharan Africa","LMC","Lower middle income"
"16","CIV","P153111","Western Africa: Cote d'Ivoire","Cote d'Ivoire","AFR","Africa Higher Education Centers of Excellence Project - AF","IPF/DLIs","N/A",2015-09-01,2016,15,12.984508,15,12.984508,0,0,0.865633866666667,"""to support the Recipients to promote regional specialization among participating universitiesin areas that address regional challenges by strengthening the capacities of these universities to deliver quality training andapplied research.""","PAD","P126974",2020-09-01,"http://documents.worldbank.org/curated/en/915161467986343856/Western-Africa-Africa-Higher-Education-Centers-of-Excellence-Project-additional-financing","SSF","Sub-Saharan Africa","LMC","Lower middle income"
"17","CMR","P172885","Cameroon","Cameroon","AFR","Additional Financing for the Education Reform Support Project","IPF/PBC","N/A",2020-11-01,2021,97.45,18,45,0,52.45,18,0.184710107747563,"""to improve equitable access to quality basic education, with a focus on selected disadvantaged areas.""","Project","P160926",2026-12-01,"https://www.worldbank.org/en/news/loans-credits/2020/11/24/cameroon-education-reform-support-project-additional-financing","SSF","Sub-Saharan Africa","LMC","Lower middle income"
"18","CMR","P160926","Cameroon","Cameroon","AFR","Cameroon Education Reform Support Project","IPF/DLIs","N/A",2018-05-01,2018,130,95,130,95,0,0,0.730769230769231,"""to improve equitable access to quality basic education, with a focus on selected disadvantaged areas.""","PAD","n/a",2023-12-01,"http://documents.worldbank.org/curated/en/991921525399281987/Cameroon-Education-Reform-Support-Project","SSF","Sub-Saharan Africa","LMC","Lower middle income"
"19","CMR","P170561","Cameroon","Cameroon","AFR","Secondary Education and Schools Development Project","IPF/PBC","N/A",2020-07-01,2021,125,113.5,125,113.5,0,0,0.908,"""to increase equitable access to quality general secondary education and market-relevant skills development programs, with a focus on girls""","PAD","n/a",2025-12-01,"https://documents.worldbank.org/en/publication/documents-reports/documentdetail/913591595210515945/cameroon-secondary-education-and-skills-development-project","SSF","Sub-Saharan Africa","LMC","Lower middle income"
"20","COD","P172341","Congo, Democratic Republic of","Congo, Dem. Rep.","AFR","DR Congo Emergency Equity and System Strengthening in Education","IPF/PBC","N/A",2020-06-01,2020,800,700,800,700,0,0,0.875,"""to lower the burden of school fees on households and increase access to primary schooling in the selected provinces; and to strengthen core education systems.""","PAD","n/a",2024-12-01,"http://documents1.worldbank.org/curated/en/950891592618926682/pdf/Democratic-Republic-of-the-Congo-Emergency-Equity-and-System-Strengthening-in-Education-Project.pdf","SSF","Sub-Saharan Africa","LIC","Low income"
"21","CPV","P164294","Cabo Verde","Cabo Verde","AFR","Cabo Verde Education and Skills Development Enhancement Project","IPF/DLIs","N/A",2018-10-01,2019,10,6.4,10,6.4,0,0,0.64,"""to strengthen foundational skills in education and improve the relevance of training programs to the recipient’s strategic development plan.""","PAD","n/a",2023-01-01,"https://hubs.worldbank.org/docs/imagebank/Pages/docProfile.aspx?nodeid=30588516","SSF","Sub-Saharan Africa","LMC","Lower middle income"
"22","DJI","P164546","Western Africa: Burkina Faso, Djibouti, Ghana, Guinea, Senegal and the Association of African Universities","Djibouti","AFR","First Africa Higher Education Centers of Excellence for Development Impact Project","IPF/DLIs","N/A",2019-03-01,2019,143,118.6001,143,118.6001,0,0,0.829371328671329,"""to improve quality, quantity and development impact of postgraduate education in selected universities through regional specialization and collaboration.""","PAD","n/a",2023-12-01,"https://documents.worldbank.org/pt/publication/documents-reports/documentdetail/113951553997663855/burkina-faso-djibouti-ghana-guinea-senegal-and-the-association-of-african-universities-first-africa-higher-education-centers-of-excellence-for-development-impact-project","MEA","Middle East & North Africa","LMC","Lower middle income"
"23","DJI","P166059","Djibouti","Djibouti","MNA","Expanding opportunities for Learning","IPF/DLIs","N/A",2019-09-01,2020,24.25,18,15,18,9.25,0,0.742268041237113,"""to increase equitable access to basic education, improve teaching practices, and strengthen MENFOP's management capacity.""","PAD","n/a",2024-02-01,"https://projects.worldbank.org/en/projects-operations/project-detail/P169479","MEA","Middle East & North Africa","LMC","Lower middle income"
"24","DOM","P146831","Dominican Republic","Dominican Republic","LAC","Support to the National Education Pact Project","IPF/DLIs","N/A",2015-09-01,2016,50,49.875,50,49.875,0,0,0.9975,"""to improve the Borrower’s capacity to: (i) recruit and train primary and secondary school teachers, (ii) assess student learning in primary and secondary education, (iii) evaluate the quality of service provided by Public Early Childhood Development Centers, and (iv) enhance the process for decentralizing public school management","PAD","n/a",2022-09-01,"http://documents.worldbank.org/curated/en/858741468189574332/pdf/PAD850-PAD-P146831-R2015-0187-1-Box393201B-OUO-9.pdf","LCN","Latin America & Caribbean","UMC","Upper middle income"
"25","DOM","P167815","Dominican Republic","Dominican Republic","LAC","Support to the National Education Pact Project Additional Financing","IPF/DLIs","N/A",2018-11-01,2019,100,99.75,100,99.75,0,0,0.9975,"""to improve the Borrower’s capacity to: (i) recruit and train primary and secondary school teachers, (ii) assess student learning in primary and secondary education, (iii) evaluate the quality of service provided by Public Early Childhood Development Centers, and (iv) enhance the process for decentralizing public school management.""","PAD","P146831",2022-09-01,"https://projects.worldbank.org/en/projects-operations/project-detail/P167815","LCN","Latin America & Caribbean","UMC","Upper middle income"
"26","EGY","P157809","Egypt","Egypt, Arab Rep.","MNA","Supporting Egypt Education Reform Project","IPF/DLIs","N/A",2018-04-01,2018,500,480,500,480,0,0,0.96,"""to improve teaching and learning conditions in public schools""","PAD","n/a",2023-09-01,"http://documents.worldbank.org/curated/en/346091522415590465/pdf/PAD-03272018.pdf","MEA","Middle East & North Africa","LMC","Lower middle income"
"27","ETH","P163608","Ethiopia","Ethiopia","AFR","Ethiopia Education Results Based Financing Project","IPF/DLIs","N/A",2017-06-01,2017,30,30,0,0,30,30,1,"""to contribute to improvement of learning conditions in primary schools in targeted regions including in pre-primary classes.""","PAD","n/a",2019-06-01,"http://documents.worldbank.org/curated/en/121281501573513677/Ethiopia-Education-Results-Based-Financing-Project","SSF","Sub-Saharan Africa","LIC","Low income"
"28","ETH","P163050","Ethiopia","Ethiopia","AFR","Ethiopia General Education Quality Improvement Program for Equity","PforR","Yes",2017-12-01,2018,300,290,300,290,0,0,0.966666666666667,"""to assist the Government of internal efficiency, equitable access, and quality in general education""","PAD","n/a",2022-07-01,"http://documents.worldbank.org/curated/en/128401513911659858/pdf/ETHIOPIA-EDUC-PAD-11302017.pdf","SSF","Sub-Saharan Africa","LIC","Low income"
"29","GHA","P164546","Western Africa: Burkina Faso, Djibouti, Ghana, Guinea, Senegal and the Association of African Universities","Ghana","AFR","First Africa Higher Education Centers of Excellence for Development Impact Project","IPF/DLIs","N/A",2019-03-01,2019,143,118.6001,143,118.6001,0,0,0.829371328671329,"""to improve quality, quantity and development impact of postgraduate education in selected universities through regional specialization and collaboration.""","PAD","n/a",2023-12-01,"https://documents.worldbank.org/pt/publication/documents-reports/documentdetail/113951553997663855/burkina-faso-djibouti-ghana-guinea-senegal-and-the-association-of-african-universities-first-africa-higher-education-centers-of-excellence-for-development-impact-project","SSF","Sub-Saharan Africa","LMC","Lower middle income"
"30","GHA","P163628","Ghana","Ghana","AFR","Secondary Education Improvement Project Additional Financing","IPF/DLIs","N/A",2017-06-01,2017,40,37.05,40,37.05,0,0,0.92625,"""to increase access to senior secondary education in underserved districts and improve quality in low-performing senior high schools.""","PAD","P145741",2021-11-01,"http://documents.worldbank.org/curated/en/997201498874510564/pdf/Ghana-Education-PAD-06092017.pdf","SSF","Sub-Saharan Africa","LMC","Lower middle income"
"31","GHA","P165557","Ghana","Ghana","AFR","Ghana Accountability for Learning Outcomes Project","IPF/DLIs","N/A",2019-10-01,2020,173.9,160,150,142,23.9,18,0.920069005175388,"""to improve the quality of education in low performing basic education schools and strengthen education sector equity and accountability in Ghana.""","PAD","n/a",2024-12-01,"http://documents.worldbank.org/curated/en/415871570586470453/pdf/Ghana-Ghana-Accountability-for-Learning-Outcomes-Project.pdf","SSF","Sub-Saharan Africa","LMC","Lower middle income"
"32","GHA","P173282","Ghana","Ghana","AFR","Ghana Accountability for Learning Outcomes Project AF","IPF/PBC","N/A",2020-07-01,2021,40.3,39.8,0,0,40.3,39.8,0.987593052109181,"to improve the quality of education in low performing basic education schools and strengthen education sector equity and accountability in Ghana.","Project","P165557",NA,"https://projects.worldbank.org/en/projects-operations/project-detail/P173282","SSF","Sub-Saharan Africa","LMC","Lower middle income"
"33","GIN","P167478","Guinea, Rep","Guinea","AFR","Guinea Education Project for Results in Early Childhood and Basic Education","IPF/DLIs","N/A",2019-07-01,2020,50,12.5,50,12.5,0,0,0.25,"""to improve access to, and the quality of early childhood and basic education in the Project Areas and to strengthen the capacity of the education system to deliver better results.""","PAD","n/a",2024-06-01,"http://documents.worldbank.org/curated/en/490581562983276735/pdf/Guinea-Project-for-Results-in-Early-Childhood-and-Basic-Education.pdf","SSF","Sub-Saharan Africa","LIC","Low income"
"34","GIN","P164546","Western Africa: Burkina Faso, Djibouti, Ghana, Guinea, Senegal and the Association of African Universities","Guinea","AFR","First Africa Higher Education Centers of Excellence for Development Impact Project","IPF/DLIs","N/A",2019-03-01,2019,143,118.6001,143,118.6001,0,0,0.829371328671329,"""to improve quality, quantity and development impact of postgraduate education in selected universities through regional specialization and collaboration.""","PAD","n/a",2023-12-01,"https://documents.worldbank.org/pt/publication/documents-reports/documentdetail/113951553997663855/burkina-faso-djibouti-ghana-guinea-senegal-and-the-association-of-african-universities-first-africa-higher-education-centers-of-excellence-for-development-impact-project","SSF","Sub-Saharan Africa","LIC","Low income"
"35","GMB","P169064","Western Africa: Benin, Niger, Nigeria, The Gambia, Togo","Gambia, The","AFR","Second Africa Higher Education Centers of Excellence for Development Impact ","IPF/DLIs","N/A",2019-11-01,2020,131,96.798668,131,96.798668,0,0,0.738921129770992,"""to improve the quality, quantity and development impact of postgraduate education in selected universities through regional specialization and collaboration.""","PAD","n/a",2024-06-01,"http://documents.worldbank.org/curated/en/803471575082860585/pdf/Benin-Niger-Nigeria-The-Gambia-Togo-and-Association-of-African-Universities-Second-Africa-Higher-Education-Centers-of-Excellence-for-Development-Impact-Project.pdf","SSF","Sub-Saharan Africa","LIC","Low income"
"36","HND","P169161","Honduras","Honduras","LAC","Honduras Early Childhood Education Improvement Project","IPF/DLIs","N/A",2020-03-01,2020,39.5,5.965,30,2.965,9.5,3,0.151012658227848,""" to improve (a) SE’s institutional capacity for preschool management; (b) teaching practices of preschool teachers and Educators; and (c) physical learning environments in preschools serving children in Targeted Areas.""","PAD","n/a",2025-07-01,"https://documents.worldbank.org/en/publication/documents-reports/documentdetail/485591584928855267/honduras-early-childhood-education-improvement-project","LCN","Latin America & Caribbean","LMC","Lower middle income"
"37","IND","P166868","India","India","SAR","Strengthening Teaching-Learning  And Results for States","PforR","Yes",2020-06-20,2020,500,475,500,475,0,0,0.95,"""to improve the quality and governance of school education in selected states""","PAD","n/a",2025-12-01,"https://documents.worldbank.org/en/publication/documents-reports/documentdetail/789561593309621894/india-strengthening-teaching-learning-and-results-for-states-operation","SAS","South Asia","LMC","Lower middle income"
"38","IND","P160331","India","India","SAR","Odisha Higher Education Program","PforR","Yes",2017-08-01,2018,119,114,119,114,0,0,0.957983193277311,"""to improve the quality of and students' equitable access to selected institutions and enhance governance of the higher education system in Odisha""","PAD","n/a",2022-11-01,"http://documents.worldbank.org/curated/en/533631504404081297/pdf/India-Education-PAD-08142017.pdf","SAS","South Asia","LMC","Lower middle income"
"39","IND","P154523","India","India","SAR","Technical Education Quality Improvement Project III","IPF/DLIs","N/A",2016-06-01,2016,201.5,159,201.5,159,0,0,0.789081885856079,"""to enhance quality and equity in participating engineering education institutes and improve the efficiency of the engineering education system in focus states""","PAD","n/a",2020-09-01,"http://documents.worldbank.org/curated/en/655081467046615175/pdf/PAD1651-PADP154523-OUO-9-IDA-R2016-0149-1.pdf","SAS","South Asia","LMC","Lower middle income"
"40","IND","P154525","India","India","SAR","Uttarakhand Workforce Development Project","IPF/DLIs","N/A",2018-06-19,2018,74,66,74,66,0,0,0.891891891891892,"""to improve the quality and relevance of training at priority Industrial Training Institutes (ITIs) and to increase the number of labor-market-relevant workers through short-term training in Uttarakhand.""","PAD","n/a",2023-06-01,"http://documents.worldbank.org/curated/en/627891529638305087/India-Uttarakhand-Workforce-Development-Project","SAS","South Asia","LMC","Lower middle income"
"41","IND","P158435","India","India","SAR","Skill India Mission Operation","PforR","Yes",2017-06-01,2017,250,236.4200134985,250,236.4200134985,0,0,0.945680053994,"""to enhance institutional mechanisms for skill development and increase access to quality and market-relevant training for the workforce""","PAD","n/a",2023-03-01,"http://documents.worldbank.org/curated/en/979401503494345541/pdf/INDIA-SKILL-PAD-06062017.pdf","SAS","South Asia","LMC","Lower middle income"
"42","IND","P156867","India","India","SAR","Skills Strengthening for Industrial Value Enhancement Operation","PforR","Yes",2017-02-01,2017,125,120,125,120,0,0,0.96,"to improve access to quality and market-driven vocational training provided in ITIs and apprenticeships","PAD","n/a",2022-11-01,"http://documents.worldbank.org/curated/en/849071488682856000/pdf/India-Skill-Strengthening-PAD-02102017.pdf","SAS","South Asia","LMC","Lower middle income"
"43","IND","P156363","India","India","SAR","Nai Manzil - Education and Skills Training for Minorities","IPF/DLIs","N/A",2015-10-01,2016,50,40.5,50,40.5,0,0,0.81,"""to improve completion of secondary education and market-driven skills training for targeted youth from Minority communities.""","PAD","n/a",2021-06-01,"http://documents.worldbank.org/curated/en/633761468188664540/pdf/PAD1612-PAD-P156363-IDA-R2015-0261-1-Box393219B-OUO-9.pdf","SAS","South Asia","LMC","Lower middle income"
"44","JOR","P162407","Jordan","Jordan","MNA","Jordan Education Reform Support Program","PforR","Yes",2017-12-01,2018,200,192,200,192,0,0,0.96,"""to expand access to early childhood education, and to improve student assessment and teaching and learning conditions for Jordanian children and Syrian refugee children""","PAD","n/a",2023-05-01,"http://documents.worldbank.org/curated/en/731311512702123714/pdf/Jordan-Educ-Reform-121282-JO-PAD-11142017.pdf","MEA","Middle East & North Africa","UMC","Upper middle income"
"45","KEN","P160083","Kenya","Kenya","AFR","Kenya  Secondary Education Quality Improvement Project","IPF/DLIs","N/A",2017-09-01,2018,200,85.5,200,85.5,0,0,0.4275,"""to improve student learning in secondary education and transition from primary to secondary education, in targeted areas""","PAD","n/a",2023-12-01,"http://documents.worldbank.org/curated/en/801651505700060126/pdf/Kenya-PAD-08282017.pdf","SSF","Sub-Saharan Africa","LMC","Lower middle income"
"46","KHM","P157858","Cambodia","Cambodia","EAP","Secondary Education Improvement Project","IPF/DLIs","N/A",2017-04-01,2017,40,22.75,40,22.75,0,0,0.56875,"""to expand lower secondary education to achieve minimum standards in target areas and to provide immediate and effective response in case of an eligible crisis or emergency""","PAD","n/a",2022-07-01,"http://documents.worldbank.org/curated/en/589431492394419103/pdf/Cambodia-Secondary-Education-PAD-03282017.pdf","EAS","East Asia & Pacific","LMC","Lower middle income"
"47","LAO","P173407","Lao People's Democratic Republic","Lao PDR","EAP","Lao PDR Global Partnership for Education III: Learning and Equity Acceleration Project","IPF/PBC","N/A",2021-03-01,2021,46.9,5.25,30,0,16.9,5.25,0.111940298507463,"""to improve learning outcomes in primary grades in target districts and strengthen teacher and system performance in Lao PDR.""","PAD","n/a",2026-05-01,"https://documents.worldbank.org/en/publication/documents-reports/documentdetail/827001616378469121/lao-peoples-democratic-republic-learning-and-equity-acceleration-project","EAS","East Asia & Pacific","LMC","Lower middle income"
"48","LBN","P159470","Lebanon","Lebanon","MNA","Support to Reaching All Children with Education (RACE 2) Program for Results","PforR","No",2016-09-01,2017,204,204,100,100,104,104,1,"""to promote equitable access to education services, enhance quality of student learning, and strengthen the education systems in Lebanon’s education sector in response to the protracted refugee crisis""","PAD","n/a",2023-02-01,"https://documents.worldbank.org/en/publication/documents-reports/documentdetail/980641475200856910/lebanon-support-to-reaching-all-children-with-education-race-2-program-for-results-project","MEA","Middle East & North Africa","LMC","Lower middle income"
"49","LBR","P164932","Liberia","Liberia","AFR","Improving Results in Secondary Education Project (IRISE)","IPF/DLIs","N/A",2019-07-01,2020,47,24,47,24,0,0,0.51063829787234,"""to improve equitable access to, and quality of, secondary education.""","PAD","n/a",2023-11-01,"http://documents.worldbank.org/curated/en/924071562378509179/pdf/Liberia-Improving-Results-in-Secondary-Education-Project.pdf","SSF","Sub-Saharan Africa","LIC","Low income"
"50","LBR","P172705","Liberia","Liberia","AFR","Liberia Learning Foundations Project","IPF/PBC","N/A",2021-04-01,2021,5.61,1.77,0,0,5.61,1.77,0.315508021390374,"""to improve access to early childhood education in targeted counties with improved teacher deployment.""","PAD","n/a",2023-12-01,"https://documents.worldbank.org/en/publication/documents-reports/documentdetail/578301628583151428/liberia-learning-foundations-project","SSF","Sub-Saharan Africa","LIC","Low income"
"51","LCA","P170445","St Lucia","St. Lucia","LAC","Saint Lucia Human Capital Resilience Project","IPF/DLIs","N/A",2020-03-01,2020,20,15.5,20,15.5,0,0,0.775,"""(a) to improve the labor market relevance of skills in selected sectors; and (b) to increase efficiency and coverage of the social protection system in Saint Lucia.""","PAD","n/a",2025-04-01,"https://documents.worldbank.org/en/publication/documents-reports/documentdetail/203251584151657541/saint-lucia-human-capital-resilience-project","LCN","Latin America & Caribbean","UMC","Upper middle income"
"52","LKA","P159995","Sri Lanka","Sri Lanka","SAR","Accelerating Higher Education Expansion and Development Operation","PforR","No",2017-05-12,2017,100,93,100,93,0,0,0.93,"""to increase enrollment in priority disciplines, improve the quality of degree programs and promote research and innovation in the higher education sector.""","PAD","n/a",2023-06-01,"http://documents.worldbank.org/curated/en/258231494813658621/pdf/SRI-LANKA-PAD-04252017.pdf","SAS","South Asia","LMC","Lower middle income"
"53","LKA","P163714","Sri Lanka","Sri Lanka","SAR","General Education Modernization Project","IPF/DLIs","N/A",2018-04-01,2018,100,90,100,90,0,0,0.9,"""to enhance quality and strengthen stewardship of the general education system""","PAD","n/a",2024-06-01,"http://documents.worldbank.org/curated/en/480271524967257414/pdf/Sri-Lanka-Gen-Ed-PAD-PAD2570-04092018.pdf","SAS","South Asia","LMC","Lower middle income"
"54","MAR","P167619","Morocco ","Morocco","MNA","Education Support Program","PforR","No",2019-06-01,2019,500,500,500,500,0,0,1,"""to establish an enabling environment for quality Early Childhood Education service delivery, support improved teaching practices in primary and secondary education, and strengthen management capacity and accountability along the education service delivery chain in the Program Areas.""","PAD","n/a",2024-09-01,"http://documents.worldbank.org/curated/en/908441561140203130/Morocco-Education-Support-Program-Project","MEA","Middle East & North Africa","LMC","Lower middle income"
"55","MDG","P172051","Madagascar","Madagascar","AFR","Madagascar Basic Education Support Project-Additional Financing","IPF/DLIs","N/A",2020-06-01,2020,47.25,5.88,0,0,47.25,5.88,0.124444444444444,"""to improve learning and promotion within the first two sub-cycles of basic education""","Project","P160442",NA,"https://projects.worldbank.org/en/projects-operations/project-detail/P172051","SSF","Sub-Saharan Africa","LIC","Low income"
"56","MDG","P160442","Madagascar","Madagascar","AFR","Madagascar Basic Education Support Project","IPF/DLIs","N/A",2018-03-01,2018,100.7,29.095,55,14.995,45.7,14.1,0.288927507447865,"""to improve learning and promotion within the first two sub-cycles of basic education""","PAD","n/a",2021-12-01,"http://documents.worldbank.org/curated/en/517281522548048451/pdf/Madagascar-PAD-P160442-2018-03-12-638pm-03122018.pdf","SSF","Sub-Saharan Africa","LIC","Low income"
"57","MLI","P164032","Mali","Mali","AFR","Malawi Improving Education Quality and Results for All","IPF/PBC","N/A",2021-02-01,2021,140.7,13.7,80,0,60.7,13.7,0.0973702914001422,"""to increase learning outcomes in early primary education in targeted areas, to promote girls' access to lower and upper secondary education in underserved areas, and to enhance the governance of the education system.""","PAD","n/a",2027-06-01,"https://documents.worldbank.org/en/publication/documents-reports/documentdetail/853911612478680222/mali-improving-education-quality-and-results-for-all-project","SSF","Sub-Saharan Africa","LIC","Low income"
"58","MMR","P163389","Myanmar","Myanmar","EAP","Inclusive Access and Quality Education project","IPF/DLIs","N/A",2020-03-01,2020,180,148,100,100,80,48,0.822222222222222,"""improve equitable access to, and quality of, basic education delivered through formal, alternative and complementary institutions and providers""","PAD","n/a",2023-09-01,"https://documents.worldbank.org/en/publication/documents-reports/documentdetail/242701583550119111/myanmar-inclusive-access-and-quality-education-project","EAS","East Asia & Pacific","LMC","Lower middle income"
"59","MOZ","P172657","Mozambique","Mozambique","AFR","Improving Learning and Empowering Girls in Mozambique","IPF/PBC","N/A",2021-03-01,2021,299,42,160,0,139,42,0.140468227424749,"""Increase learning readiness and girls’ retention in upper grades of basic education prioritizing underserved areas of Mozambique.""","PAD","n/a",2025-12-01,"https://documents.worldbank.org/en/publication/documents-reports/documentdetail/238711617069817754/mozambique-improving-learning-and-empowering-girls-in-mozambique-project","SSF","Sub-Saharan Africa","LIC","Low income"
"60","MOZ","P167054","Mozambique","Mozambique","AFR","Improvement of Skills Development in Mozambique","IPF/PBC","N/A",2020-09-01,2021,104,5,104,5,0,0,0.0480769230769231,"""to increase access to quality education and training at TVET and HE levels in priority areas""","PAD","n/a",2025-12-01,"https://documents.worldbank.org/en/publication/documents-reports/documentdetail/598881597718972515/mozambique-improvement-of-skills-development-project","SSF","Sub-Saharan Africa","LIC","Low income"
"61","MRT","P163143","Mauritania","Mauritania","AFR","MAURITANIA - Basic Education Sector Support Project - Phase 2","IPF/PBC","N/A",2020-10-29,2021,52,3.8,40,0,12,3.8,0.0730769230769231,""" to improve the quality of primary education and service delivery in Selected Regions""","PAD","n/a",2025-10-31,"https://documents.worldbank.org/en/publication/documents-reports/documentdetail/751821604286094848/mauritania-second-phase-of-the-basic-education-sector-support-project","SSF","Sub-Saharan Africa","LMC","Lower middle income"
"62","MWI","P164223","Malawi","Malawi","AFR","Equity with Quality and Learning at Secondary Project (EQUALS)","IPF/DLIs","N/A",2019-03-01,2019,90,79.45,90,79.45,0,0,0.882777777777778,""" to improve quality of science and mathematics instruction in Community Day Secondary Schools (CDSSs) and increase access to secondary education in selected remote areas.""","PAD","n/a",2025-12-01,"http://documents.worldbank.org/curated/en/681261552788045521/Malawi-Equity-with-Quality-and-Learning-at-Secondary-Project","SSF","Sub-Saharan Africa","LIC","Low income"
"63","MWI","P176751","Malawi","Malawi","AFR","AF Equity with Quality and Learning at Secondary Project (EQUALS)","IPF/PBC","N/A",2021-06-01,2021,5,0,5,NA,NA,NA,0,""" to improve quality of science and mathematics instruction in Community Day Secondary Schools (CDSSs) and increase access to secondary education in selected remote areas.""","Project","P164223",NA,"https://projects.worldbank.org/en/projects-operations/project-detail/P164223","SSF","Sub-Saharan Africa","LIC","Low income"
"64","MWI","P154185","Malawi","Malawi","AFR","Malawi Edcation Sector Improvement Project (MESIP)","IPF/DLIs","N/A",2016-08-01,2017,44.9,13.47,0,0,44.9,13.47,0.3,"""to improve quality, equity and efficiency of primary education in selected districts and schools.""","PAD","n/a",2020-12-01,"http://documents.worldbank.org/curated/en/479181512713342254/Malawi-Education-Sector-Improvement-Project","SSF","Sub-Saharan Africa","LIC","Low income"
"65","NER","P169064","Western Africa: Benin, Niger, Nigeria, The Gambia, Togo","Niger","AFR","Second Africa Higher Education Centers of Excellence for Development Impact ","IPF/DLIs","N/A",2019-11-01,2020,131,96.798668,131,96.798668,0,0,0.738921129770992,"""to improve the quality, quantity and development impact of postgraduate education in selected universities through regional specialization and collaboration.""","PAD","n/a",2024-06-01,"http://documents.worldbank.org/curated/en/803471575082860585/pdf/Benin-Niger-Nigeria-The-Gambia-Togo-and-Association-of-African-Universities-Second-Africa-Higher-Education-Centers-of-Excellence-for-Development-Impact-Project.pdf","SSF","Sub-Saharan Africa","LIC","Low income"
"66","NGA","P160430","Nigeria","Nigeria","AFR","Better Education Service Delivery for All","PforR","Yes",2017-06-20,2017,611,578.2,611,578.2,0,0,0.946317512274959,"""to increase equitable access for out-of-school children and improve literacy in focus states, and strengthen accountability for results, in basic education in Nigeria.""","PAD","n/a",2022-10-01,"http://documents.worldbank.org/curated/en/839251498183393835/pdf/BESDA-PAD-May-30-2017-06012017.pdf","SSF","Sub-Saharan Africa","LMC","Lower middle income"
"67","NGA","P169064","Western Africa: Benin, Niger, Nigeria, The Gambia, Togo","Nigeria","AFR","Second Africa Higher Education Centers of Excellence for Development Impact ","IPF/DLIs","N/A",2019-11-01,2020,131,96.798668,131,96.798668,0,0,0.738921129770992,"""to improve the quality, quantity and development impact of postgraduate education in selected universities through regional specialization and collaboration.""","PAD","n/a",2024-06-01,"http://documents.worldbank.org/curated/en/803471575082860585/pdf/Benin-Niger-Nigeria-The-Gambia-Togo-and-Association-of-African-Universities-Second-Africa-Higher-Education-Centers-of-Excellence-for-Development-Impact-Project.pdf","SSF","Sub-Saharan Africa","LMC","Lower middle income"
"68","NIC","P161029","Nicaragua","Nicaragua","LAC","Alliance for Education Quality Project","IPF/DLIs","N/A",2017-04-13,2017,55,7,55,7,0,0,0.127272727272727,"""to improve (a) teacher practices for participating teachers in preschool, primary and secondary education nationwide, and (b) physical learning conditions in targeted schools.""","PAD","n/a",2022-04-01,"http://documents.worldbank.org/curated/en/225281492308020968/pdf/Nicaragua-PAD-P161029-PAD2208-03272017.pdf","LCN","Latin America & Caribbean","LMC","Lower middle income"
"69","NIC","P167443","Nicaragua","Nicaragua","LAC","Additional Funding for Alliance for Education Quality Project","IPF/DLIs","N/A",2021-04-01,2021,7.18,0,0,0,7.18,0,0,"""to improve (a) teacher practices for participating teachers in preschool, primary and secondary education nationwide, and (b) physical learning conditions in targeted schools.""","LA","P161029",2022-12-01,"https://documents.worldbank.org/en/publication/documents-reports/documentdetail/233481618602594625/official-documents-grant-agreement-for-additional-financing-grant-no-tf0b5528","LCN","Latin America & Caribbean","LMC","Lower middle income"
"70","NPL","P163018","Nepal","Nepal","SAR","Enhanced Vocational Education and Training Project II","IPF/DLIs","N/A",2017-09-01,2018,60,54,60,54,0,0,0.9,"""to improve equitable access to market relevant training programs and to strengthen the technical and vocational education and training (TVET) sector service delivery in Nepal""","PAD","n/a",2022-07-01,"http://documents.worldbank.org/curated/en/387251506909647717/pdf/NEPAL-EVENT-PAD-09122017.pdf","SAS","South Asia","LMC","Lower middle income"
"71","NPL","P167047","Nepal","Nepal","SAR","School Sector Development Program Additional Financing","PforR","No",2019-08-01,2020,23.958,23.958,0,0,23.958,23.958,1,"""to improve the quality, equitable access, and efficiency of basic and secondary education in Nepal by supporting the Government's School Sector Development Program.""","Project","P160748",2021-07-01,"https://projects.worldbank.org/en/projects-operations/project-detail/P167047","SAS","South Asia","LMC","Lower middle income"
"72","NPL","P160748","Nepal","Nepal","SAR","School Sector Development Program","PforR","Yes",2017-03-01,2017,185,185,185,185,0,0,1,"""to improve the quality, equitable access and efficiency of basic and secondary education in Nepal by supporting the Government’s School Sector Development Program""","PAD","n/a",2021-07-01,"http://documents.worldbank.org/curated/en/531061491233526126/pdf/NEPAL-PAD-03072017.pdf","SAS","South Asia","LMC","Lower middle income"
"73","PAK","P154524","Pakistan","Pakistan","SAR","Third Punjab Education Sector Project","IPF/DLIs","N/A",2016-05-01,2016,300,289.89,300,289.89,0,0,0.9663,"""to support Punjab province to improve school participation, completion, and teaching-learning practices with a particular focus on low-performing districts""","PAD","n/a",2021-12-01,"http://documents.worldbank.org/curated/en/967701468198234577/pdf/PAD1641-PAD-P154524-R2016-0090-1-Box394887B-OUO-9.pdf","SAS","South Asia","LMC","Lower middle income"
"74","PAK","P161386","Pakistan","Pakistan","SAR","Higher Education Development in Pakistan","IPF/DLIs","N/A",2019-05-31,2019,400,322.9995,400,322.9995,0,0,0.80749875,"""to support research excellence in strategic sectors of the economy, improve teaching and learning and strengthen governance, in thehigher education sector.""","PAD","n/a",2024-06-01,"http://documents.worldbank.org/curated/en/705151559613734813/Pakistan-Higher-Education-Development-Project","SAS","South Asia","LMC","Lower middle income"
"75","RWA","P252350","Rwanda","Rwanda","AFR","Priority Skills for Growth","PforR","No",2017-06-01,2018,120,119.75,120,119.75,0,0,0.997916666666667,"""to expand opportunities for the acquisition of quality, market-relevant skills in selected economic sectors""","PAD","n/a",2020-09-01,"http://documents.worldbank.org/curated/en/960171499479277244/pdf/Rwanda-PAD-06152017.pdf","SSF","Sub-Saharan Africa","LIC","Low income"
"76","SDN","P167169","Sudan","Sudan","AFR","Sudan Basic Education Support Project","IPF/PBC","N/A",2020-11-01,2021,61.5,18.8,0,0,61.5,18.8,0.305691056910569,""" to increase enrollment and retention and improve reading proficiency of boys and girls in early grades of primary education in target disadvantaged schools""","PAD","n/a",2025-04-01,"https://documents.worldbank.org/en/publication/documents-reports/documentdetail/460231604339832869/sudan-basic-education-support-project","SSF","Sub-Saharan Africa","LIC","Low income"
"77","SEN","P164546","Western Africa: Burkina Faso, Djibouti, Ghana, Guinea, Senegal and the Association of African Universities","Senegal","AFR","First Africa Higher Education Centers of Excellence for Development Impact Project","IPF/DLIs","N/A",2019-03-01,2019,143,118.6001,143,118.6001,0,0,0.829371328671329,"""to improve quality, quantity and development impact of postgraduate education in selected universities through regional specialization and collaboration.""","PAD","n/a",2023-12-01,"https://documents.worldbank.org/pt/publication/documents-reports/documentdetail/113951553997663855/burkina-faso-djibouti-ghana-guinea-senegal-and-the-association-of-african-universities-first-africa-higher-education-centers-of-excellence-for-development-impact-project","SSF","Sub-Saharan Africa","LMC","Lower middle income"
"78","SEN","P173350","Senegal","Senegal","AFR","Senegal-Quality Improvement and Equity of Basic Education - AF ","IPF/DLIs","N/A",2021-05-01,2021,6.9,0,0,0,6.9,0,0,"to improve learning outcomes for early grades, increase access to the science and mathematics tracks of secondary schools, and to improve equity in access to basic education.","Project Paper","P133333",NA,"https://imagebank2.worldbank.org/Search/33174204","SSF","Sub-Saharan Africa","LMC","Lower middle income"
"79","SEN","P163575","Senegal","Senegal","AFR","Senegal-Quality Improvement and Equity of Basic Education - AF ","IPF/DLIs","N/A",2018-05-01,2018,60,31.82,60,31.82,0,0,0.530333333333333,"""to improve learning outcomes for early grades, increase access to the science and mathematics tracks of secondary schools, and to improve equity in access to basic education.""","PAD","P133333",2020-06-01,"http://documents.worldbank.org/curated/en/176681527996626963/pdf/SENEGAL-PAD-05112018.pdf","SSF","Sub-Saharan Africa","LMC","Lower middle income"
"80","TGO","P169064","Western Africa: Benin, Niger, Nigeria, The Gambia, Togo","Togo","AFR","Second Africa Higher Education Centers of Excellence for Development Impact ","IPF/DLIs","N/A",2019-11-01,2020,131,96.798668,131,96.798668,0,0,0.738921129770992,"""to improve the quality, quantity and development impact of postgraduate education in selected universities through regional specialization and collaboration.""","PAD","n/a",2024-06-01,"http://documents.worldbank.org/curated/en/803471575082860585/pdf/Benin-Niger-Nigeria-The-Gambia-Togo-and-Association-of-African-Universities-Second-Africa-Higher-Education-Centers-of-Excellence-for-Development-Impact-Project.pdf","SSF","Sub-Saharan Africa","LIC","Low income"
"81","TJK","P169168","Tajikistan","Tajikistan","ECA","Early Childhood Development to Build Tajikistan’s Human Capital Project","IPF/DLIs","N/A",2020-04-01,2020,70,3,70,3,0,0,0.0428571428571429,""" to increase utilization of a basic package of health and preschool education services for 0 to 6 year old children.""","PAD","n/a",NA,"https://documents.worldbank.org/en/publication/documents-reports/documentdetail/159771588557742455/tajikistan-early-childhood-development-to-build-tajikistan-s-human-capital-project","ECS","Europe & Central Asia","LMC","Lower middle income"
"82","TLS","P166744","Timor-Leste","Timor-Leste","EAP","Basic Education Strengthening and Transformation Project","IPF/DLIs","N/A",2020-04-01,2020,23.55,2.73,15,0,8.55,2.73,0.115923566878981,"""to improve the learning environment of basic education schools and increase the efficiency and equity of basic education programs""","PAD","n/a",2026-11-01,"Timor-Leste - Basic Education Strengthening and Transformation Project","EAS","East Asia & Pacific","LMC","Lower middle income"
"83","TUN","P162297","Tunisia","Tunisia","MNA","Strengthening Foundations for Learning Project","IPF/DLIs","N/A",2018-05-18,2018,100,30,100,30,0,0,0.3,"""to improve learning conditions in public preschools and primary schools, and to increase access to public preschool education in selected districts.""","PAD","n/a",2023-12-01,"http://documents.worldbank.org/curated/en/100221526873433660/Tunisia-Strengthening-Foundations-for-Learning-Project","MEA","Middle East & North Africa","LMC","Lower middle income"
"84","TZA","P152810","Tanzania","Tanzania","AFR","Education and Skills for Productive Jobs","PforR","No",2016-05-01,2016,120,120,120,120,0,0,1,"""to strengthen the institutional capacity of the Recipient’s skills development system and to promote the expansion and quality of labor market driven skills development opportunities in select economic sectors""","PAD","n/a",2021-06-01,"http://documents.worldbank.org/curated/en/974571467996716191/pdf/104125-PAD-P152810-OUO-9-IDA-R2016-0124-1.pdf","SSF","Sub-Saharan Africa","LMC","Lower middle income"
"85","TZA","P153277","Tanzania","Tanzania","AFR","Zanzibar Improving Student Prospects Project","IPF/DLIs","N/A",2016-05-01,2016,35,18,35,18,0,0,0.514285714285714,"""to improve the quality of: (a) instruction; and (b) learning environment in targeted grades and targeted subjects""","PAD","n/a",2021-07-01,"http://documents.worldbank.org/curated/en/910911467996684731/pdf/PAD1549-PAD-P153277-OUO-9-IDA-R2016-0115-1.pdf","SSF","Sub-Saharan Africa","LMC","Lower middle income"
"86","TZA","P162470","Tanzania","Tanzania","AFR","Education Program for Results Additional Financing","PforR","No",2017-05-23,2017,80,80,80,80,0,0,1,"""to Improve education quality in Tanzanian primary and secondary schools.""","PAD","P147486",2021-01-01,"http://documents.worldbank.org/curated/en/463021495764127498/pdf/Tanzania-AF-PP-05042017.pdf","SSF","Sub-Saharan Africa","LMC","Lower middle income"
"87","TZA","P170480","Tanzania","Tanzania","AFR","Tanzania Secondary Education Quality Improvement Project (SEQUIP)","IPF/DLIs","N/A",2020-03-01,2020,500,480,500,480,0,0,0.96,"""to increase access to secondary education, provide responsive learning environments for girls, and improve completion of quality secondary education for girls and boys""","PAD","n/a",2026-01-01,"https://documents.worldbank.org/en/publication/documents-reports/documentdetail/299851580138262444/tanzania-secondary-education-quality-improvement-project-sequip","SSF","Sub-Saharan Africa","LMC","Lower middle income"
"88","UGA","P166570","Uganda","Uganda","AFR","Uganda Secondary Education Expansion Project","IPF/PBC","N/A",2020-07-01,2021,150,123.6,150,123.6,0,0,0.824,"""to enhance access to lower secondary education by focusing on underserved populations in targeted areas.""","PAD","n/a",2025-12-01,"https://documents.worldbank.org/en/publication/documents-reports/documentdetail/406361595815248191/uganda-secondary-education-expansion-project","SSF","Sub-Saharan Africa","LIC","Low income"
"89","UKR","P171050","Ukraine","Ukraine","ECA","Ukraine Improving Higher Education for Results Project","IPF/PBC","N/A",2021-05-01,2021,200,75,200,75,0,0,0.375,""" to improve the efficiency, conditions for quality, and transparency in Ukraine's higher education system.""","PAD","n/a",2026-12-01,"https://documents.worldbank.org/en/publication/documents-reports/documentdetail/248051620525628945/ukraine-improving-higher-education-for-results-project","ECS","Europe & Central Asia","LMC","Lower middle income"
"90","URY","P159771","Uruguay","Uruguay","LAC","Improving the Quality of Initial and Primary Education in Uruguay","IPF/DLIs","N/A",2016-11-01,2017,40,3,40,3,0,0,0.075,"""to improve the teaching practices and the learning environment in early and primary education, as well as the internal efficiency in primary education, all in Full-Time Schools, and to strengthen the evaluation capacity of the education system""","PAD","n/a",2022-05-01,"http://documents.worldbank.org/curated/en/828891480949552502/pdf/Uruguay-PAD-11292016.pdf","LCN","Latin America & Caribbean","HIC","High income"
"91","UZB","P165737","Uzbekistan","Uzbekistan","ECA","Promoting Early Childhood Development Project","IPF/DLIs","N/A",2019-05-29,2019,73.85,3,59.5,0,14.35,3,0.04062288422478,"""to increase access to early childhood education, improve the quality of learning environments in selected public preschools, and enable a systematic measurement of education quality for informed decision-making.""","PAD","n/a",2024-12-01,"http://documents.worldbank.org/curated/en/472601559440909823/Uzbekistan-Promoting-Early-Childhood-Development-Project","ECS","Europe & Central Asia","LMC","Lower middle income"
"92","VNM","P150060","Vietnam","Vietnam","EAP","Enhancing Teacher Education Program","PforR","No",2016-06-01,2016,95,95,95,95,0,0,1,"""to strengthen teacher education institutions to enhance teacher and principal effectiveness through improved continuous professional development""","PAD","n/a",2022-06-01,"http://documents.worldbank.org/curated/en/777231467305951315/pdf/PAD1138-PAD-P150060-Box396267B-OUO-9-IDA-R2016-0162-1.pdf","EAS","East Asia & Pacific","LMC","Lower middle income"
"93","ZMB","P158570","Zambia","Zambia","AFR","Zambia Education Enhancement Project","IPF/DLIs","N/A",2017-08-01,2018,60,51,60,51,0,0,0.85,"""to improve the quality of teaching and learning in mathematics and science in targeted primary and secondary schools and to increase equitable access to secondary education""","PAD","n/a",2022-10-01,"http://documents.worldbank.org/curated/en/900661504231269364/pdf/ZAMBIA-EDUCATION-PAD-08102017.pdf","SSF","Sub-Saharan Africa","LIC","Low income"
"94","ZMB","P170513","Zambia","Zambia","AFR","Zambia Education Enhancement Project AF","IPF/DLIs","N/A",2020-05-01,2020,120,55,120,55,0,0,0.458333333333333,"""to improve the quality of teaching and learning conditions in targeted primary and secondary schools and to increase access to secondary education focusing on girls.""","PAD","P158570",2022-10-01,"https://documents.worldbank.org/en/publication/documents-reports/documentdetail/613441588692336203/zambia-education-enhancement-project-additional-financing","SSF","Sub-Saharan Africa","LIC","Low income"
"95",NA,"P163399","Eastern Africa","Eastern Africa","AFR","Eastern Africa Skills for Transformation and Regional Integration Project","IPF/DLIs","N/A",2018-10-01,2019,293,284.999987,293,284.999987,0,0,0.972696201365188,"""to increase the access and improve the quality of TVET programs in selected Regional Flagship TVET Institutes and to support regional integration in East Africa.""","PAD","n/a",2024-12-01,"http://documents.worldbank.org/curated/en/102081541210498221/Ethiopia-Kenya-Tanzania-and-Inter-University-Council-for-East-Africa-East-Africa-Skills-for-Transformation-and-Regional-Integration-Project",NA,NA,NA,NA
"96",NA,"P151847","Eastern Africa","Eastern Africa","AFR","Eastern and Southern Africa Higher Education Centers of Excellence Project","IPF/DLIs","N/A",2016-05-01,2016,148,140,148,140,0,0,0.945945945945946,"""to strengthen selected Eastern and Southern African higher education institutions to deliver quality post-graduate education and build collaborative research capacity in the regional priority areas""","PAD","n/a",2022-12-01,"https://projects.worldbank.org/en/projects-operations/project-detail/P151847",NA,NA,NA,NA
